{"licenses":[{"name":"","id":0,"url":""}],"info":{"contributor":"","date_created":"","description":"","url":"","version":"","year":""},"categories":[{"id":1,"name":"person","supercategory":""},{"id":2,"name":"motorcycle","supercategory":""},{"id":3,"name":"bicycle","supercategory":""},{"id":4,"name":"car","supercategory":""},{"id":5,"name":"truck","supercategory":""},{"id":6,"name":"bus","supercategory":""},{"id":7,"name":"motorcycle rider","supercategory":""},{"id":8,"name":"bicycle rider","supercategory":""}],"images":[{"id":1,"width":624,"height":492,"file_name":"Thermal_00010.jpg","license":0,"flickr_url":"","coco_url":"","date_captured":0}],"annotations":[]}